{"cameraMode":{"drawMode":0,"name":"Shaded","section":"Shading Mode"},"sceneLighting":false,"audioPlay":false,"sceneViewState":{"showFog":false,"showMaterialUpdate":false,"showSkybox":false,"showFlares":false,"showImageEffects":false,"showParticleSystems":false},"in2DMode":false,"pivot":{"x":0.18429690599441529,"y":1.1436913013458253,"z":-0.3983553946018219},"rotation":{"x":-0.026790302246809007,"y":-0.9702135324478149,"z":0.12673911452293397,"w":-0.20497116446495057},"size":0.8409885764122009,"orthographic":false}