{"cameraMode":{"drawMode":0,"name":"Shaded","section":"Shading Mode"},"sceneLighting":false,"audioPlay":false,"sceneViewState":{"showFog":false,"showMaterialUpdate":false,"showSkybox":false,"showFlares":false,"showImageEffects":false,"showParticleSystems":false},"in2DMode":false,"pivot":{"x":-1.2352104187011719,"y":-1.9077390432357789,"z":-0.7213658690452576},"rotation":{"x":-0.2648111879825592,"y":-0.5138651728630066,"z":0.1705097109079361,"w":-0.7980177402496338},"size":3.6247448921203615,"orthographic":false}