{"cameraMode":{"drawMode":0,"name":"Shaded","section":"Shading Mode"},"sceneLighting":false,"audioPlay":false,"sceneViewState":{"showFog":false,"showMaterialUpdate":false,"showSkybox":false,"showFlares":false,"showImageEffects":false,"showParticleSystems":false},"in2DMode":false,"pivot":{"x":-4.343687057495117,"y":-4.926298141479492,"z":0.6783827543258667},"rotation":{"x":-0.2648111879825592,"y":-0.5138651728630066,"z":0.1705097109079361,"w":-0.7980177402496338},"size":15.298299789428711,"orthographic":false}