{"cameraMode":{"drawMode":0,"name":"Shaded","section":"Shading Mode"},"sceneLighting":false,"audioPlay":false,"sceneViewState":{"showFog":false,"showMaterialUpdate":false,"showSkybox":false,"showFlares":false,"showImageEffects":false,"showParticleSystems":false},"in2DMode":false,"pivot":{"x":-3.174412965774536,"y":-2.646277666091919,"z":2.2146525382995607},"rotation":{"x":-0.2648111879825592,"y":-0.5138651728630066,"z":0.1705097109079361,"w":-0.7980177402496338},"size":9.156014442443848,"orthographic":false}