{"cameraMode":{"drawMode":0,"name":"Shaded","section":"Shading Mode"},"sceneLighting":false,"audioPlay":false,"sceneViewState":{"showFog":false,"showMaterialUpdate":false,"showSkybox":false,"showFlares":false,"showImageEffects":false,"showParticleSystems":false},"in2DMode":false,"pivot":{"x":158.20968627929688,"y":-133.2764892578125,"z":76.68756103515625},"rotation":{"x":-0.2648111879825592,"y":-0.5138651728630066,"z":0.1705097109079361,"w":-0.7980177402496338},"size":119.44827270507813,"orthographic":false}