{"cameraMode":{"drawMode":0,"name":"Shaded","section":"Shading Mode"},"sceneLighting":false,"audioPlay":false,"sceneViewState":{"showFog":false,"showMaterialUpdate":false,"showSkybox":false,"showFlares":false,"showImageEffects":false,"showParticleSystems":false},"in2DMode":false,"pivot":{"x":-4.273924827575684,"y":-4.321976661682129,"z":1.6160461902618409},"rotation":{"x":-0.2648111879825592,"y":-0.5138651728630066,"z":0.1705097109079361,"w":-0.7980177402496338},"size":12.925450325012207,"orthographic":false}