{"cameraMode":{"drawMode":0,"name":"Shaded","section":"Shading Mode"},"sceneLighting":false,"audioPlay":false,"sceneViewState":{"showFog":false,"showMaterialUpdate":false,"showSkybox":false,"showFlares":false,"showImageEffects":false,"showParticleSystems":false},"in2DMode":false,"pivot":{"x":0.3884733319282532,"y":0.1397242248058319,"z":-0.9426502585411072},"rotation":{"x":-0.05597759410738945,"y":-0.9371128678321838,"z":0.29543131589889529,"w":-0.17750497162342072},"size":1.7478952407836915,"orthographic":false}