{"cameraMode":{"drawMode":0,"name":"Shaded","section":"Shading Mode"},"sceneLighting":false,"audioPlay":false,"sceneViewState":{"showFog":false,"showMaterialUpdate":false,"showSkybox":false,"showFlares":false,"showImageEffects":false,"showParticleSystems":false},"in2DMode":false,"pivot":{"x":1.1920928955078126e-7,"y":1.8895275592803956,"z":-0.0633414089679718},"rotation":{"x":-0.05597759410738945,"y":-0.9371128678321838,"z":0.29543131589889529,"w":-0.17750497162342072},"size":1.4478952884674073,"orthographic":false}